<ImportExportXml version="8.0.0001.0088" SolutionPackageVersion="8.0" languagecode="1033" generatedBy="CrmLive" xmlns:xsi="http://www.w3.org/2001/XMLSchema-instance">
  <SolutionManifest>
    <UniqueName>Websiteintegration</UniqueName>
    <LocalizedNames>
      <LocalizedName description="Website integration" languagecode="1033" />
    </LocalizedNames>
    <Descriptions />
    <Version>0.3.0</Version>
    <Managed>1</Managed>
    <Publisher>
      <UniqueName>applicationsas</UniqueName>
      <LocalizedNames>
        <LocalizedName description="Applications A/S" languagecode="1033" />
      </LocalizedNames>
      <Descriptions />
      <EMailAddress>info@applications.dk</EMailAddress>
      <SupportingWebsiteUrl>http://www.applications.dk</SupportingWebsiteUrl>
      <CustomizationPrefix>appl</CustomizationPrefix>
      <CustomizationOptionValuePrefix>77178</CustomizationOptionValuePrefix>
      <Addresses>
        <Address>
          <AddressNumber>1</AddressNumber>
          <AddressTypeCode>1</AddressTypeCode>
          <City>Copenhagen K</City>
          <County xsi:nil="true"></County>
          <Country>Denmark</Country>
          <Fax xsi:nil="true"></Fax>
          <FreightTermsCode xsi:nil="true"></FreightTermsCode>
          <ImportSequenceNumber xsi:nil="true"></ImportSequenceNumber>
          <Latitude xsi:nil="true"></Latitude>
          <Line1>Nørregade 28D</Line1>
          <Line2 xsi:nil="true"></Line2>
          <Line3 xsi:nil="true"></Line3>
          <Longitude xsi:nil="true"></Longitude>
          <Name xsi:nil="true"></Name>
          <PostalCode>1165</PostalCode>
          <PostOfficeBox xsi:nil="true"></PostOfficeBox>
          <PrimaryContactName xsi:nil="true"></PrimaryContactName>
          <ShippingMethodCode>1</ShippingMethodCode>
          <StateOrProvince>Copenhagen</StateOrProvince>
          <Telephone1>+45 88 77 47 36</Telephone1>
          <Telephone2 xsi:nil="true"></Telephone2>
          <Telephone3 xsi:nil="true"></Telephone3>
          <TimeZoneRuleVersionNumber xsi:nil="true"></TimeZoneRuleVersionNumber>
          <UPSZone xsi:nil="true"></UPSZone>
          <UTCOffset xsi:nil="true"></UTCOffset>
          <UTCConversionTimeZoneCode xsi:nil="true"></UTCConversionTimeZoneCode>
        </Address>
        <Address>
          <AddressNumber>2</AddressNumber>
          <AddressTypeCode>1</AddressTypeCode>
          <City xsi:nil="true"></City>
          <County xsi:nil="true"></County>
          <Country xsi:nil="true"></Country>
          <Fax xsi:nil="true"></Fax>
          <FreightTermsCode xsi:nil="true"></FreightTermsCode>
          <ImportSequenceNumber xsi:nil="true"></ImportSequenceNumber>
          <Latitude xsi:nil="true"></Latitude>
          <Line1 xsi:nil="true"></Line1>
          <Line2 xsi:nil="true"></Line2>
          <Line3 xsi:nil="true"></Line3>
          <Longitude xsi:nil="true"></Longitude>
          <Name xsi:nil="true"></Name>
          <PostalCode xsi:nil="true"></PostalCode>
          <PostOfficeBox xsi:nil="true"></PostOfficeBox>
          <PrimaryContactName xsi:nil="true"></PrimaryContactName>
          <ShippingMethodCode>1</ShippingMethodCode>
          <StateOrProvince xsi:nil="true"></StateOrProvince>
          <Telephone1 xsi:nil="true"></Telephone1>
          <Telephone2 xsi:nil="true"></Telephone2>
          <Telephone3 xsi:nil="true"></Telephone3>
          <TimeZoneRuleVersionNumber xsi:nil="true"></TimeZoneRuleVersionNumber>
          <UPSZone xsi:nil="true"></UPSZone>
          <UTCOffset xsi:nil="true"></UTCOffset>
          <UTCConversionTimeZoneCode xsi:nil="true"></UTCConversionTimeZoneCode>
        </Address>
      </Addresses>
    </Publisher>
    <RootComponents>
      <RootComponent type="1" schemaName="appl_counter" behavior="0" />
      <RootComponent type="1" schemaName="appl_externallogin" behavior="0" />
      <RootComponent type="1" schemaName="appl_membershipprofile" behavior="0" />
      <RootComponent type="1" schemaName="appl_profiledefinition" behavior="0" />
      <RootComponent type="1" schemaName="appl_profilefield" behavior="0" />
      <RootComponent type="1" schemaName="appl_webuser" behavior="0" />
      <RootComponent type="1" schemaName="appl_webuserclaim" behavior="0" />
      <RootComponent type="1" schemaName="appl_webuserlogin" behavior="0" />
      <RootComponent type="1" schemaName="appl_webuserrole" behavior="0" />
      <RootComponent type="60" id="{45ead064-23e8-46a0-a195-05c92c934942}" behavior="0" />
      <RootComponent type="60" id="{bbe3c3a0-4c2d-441c-8dda-5084152ccab8}" behavior="0" />
    </RootComponents>
    <MissingDependencies />
  </SolutionManifest>
</ImportExportXml>